Rank,Title,Username,Rating,Score,Performance,Team
1,,SC_9ferzej,2481,57,2460,
2,NM,Chesspirate_Channel,2438,48,2451,
3,,RonjaS,2325,43,2412,
4,,AerialAttack,2167,42,2291,
5,,MoH7709,2278,41,2283,
6,,BTM1995,2094,41,2131,
7,,Universal85,2298,40,2400,
8,,tomcio1986,2249,40,2266,
9,,alikeremkarakilincc,2190,39,2219,
10,NM,janisdaudz,2084,38,2187,
11,IM,RL12,2189,36,2489,
12,,Heikonator,2246,35,2190,
13,,RodNixon,2027,35,1933,
14,,Lisov_Stepan,2299,34,2191,
15,,DrAlan1,2137,34,2168,
16,,games_sports,2176,32,2184,
17,,VS-OE-martin,2249,32,2138,
18,,kingpong,2119,32,2136,
19,,Balckgaming,2136,32,2134,
20,,SlackWyrm,2315,31,2192,
21,,diseps,1873,31,2065,
22,,iskoo,2104,31,2063,
23,,DrBarman,1898,31,2034,
24,,sim13a,2427,30,2353,
25,,JAIN_NITIN,1881,30,2203,
26,,Bambam053,1931,30,2089,
27,,koushan63,2067,29,2180,
28,,BEBBANGBURG,1830,29,2112,
29,,RebelJohnny,2617,28,2494,
30,,Vasfid,2254,28,2300,
31,,inlego2020,2246,28,2274,
32,,Pskov_rulit,2387,27,2630,
33,,zazafazaza19901990,2057,27,2222,
34,,ronofir,2067,26,2211,
35,,Kalzatron,2181,26,2174,
36,,amcs,2000,26,2163,
37,,jasb5708,1976,26,2017,
38,,AResearcher,1918,26,1796,
39,,ahmedsamehmohamed,2115,25,2389,
40,,TheBoneless,2148,25,2231,
41,,Nagad_56,1913,25,2117,
42,,SethFreakinRollins,1959,25,2060,
43,,Sagar307,1918,25,2005,
44,,DVRazor,2454,24,2414,
45,,Viktor_Tahirov555,2391,24,2371,
46,,Cabili_Titomar1,2177,24,2321,
47,,Kupres,2125,24,2262,
48,,somefancynick,2106,24,2196,
49,,micuzzus,2131,24,2185,
50,,Takondwa99,1894,24,2133,
51,,Artemdongurool,1845,24,2098,
52,,ABNER_OLIVA123,1972,24,2084,
53,,nerdolasarado,1926,24,2075,
54,,ChessMasterClass,2204,24,2030,
55,,PsihAnalitik,1925,24,1905,
56,,erbaluce,1882,23,2291,
57,,TamirErez444,2183,23,2224,
58,,EdinChampion,2062,23,2211,
59,,kss1964,2060,23,2069,
60,,Siddharthsanjoy,1912,23,2055,
61,,Fadl,2039,23,2041,
62,,Jsauce,2124,23,2013,
63,,momogenius,1983,23,1954,
64,,Mariomiranda2020,2093,22,2314,
65,,chessfather,2150,22,2239,
66,,Eses_Nilmar_55,1808,22,2233,
67,,stariy-papuas,2085,22,2174,
68,,Volk732611,2001,22,2040,
69,,MarcusWolters,1916,22,2010,
70,,Free-piece2000,2073,22,1990,
71,,shavmark,2111,22,1986,
72,,Riziky,1856,22,1983,
73,,AIRBONE,1722,22,1918,
74,,rubinsteen,1872,22,1897,
75,,Zlobniy_Bulbulyator,2142,21,2470,
76,,Kartoffelkaefer,2334,21,2320,
77,,f7er6h,2092,21,2222,
78,,saadkilany,2215,21,2084,
79,,xasan65,1921,21,2035,
80,,manjunathj,1776,21,1820,
81,,texwiller1965,1709,21,1798,
82,,alex-sold,2248,20,2443,
83,,lolopo38,2159,20,2386,
84,,danilaole,1931,20,2376,
85,,Matakor,2245,20,2303,
86,,casomir,2169,20,2168,
87,,NKiss,2358,20,2149,
88,,Fe_m1342,1942,20,2119,
89,,tsedawa,2241,20,2105,
90,,Roi-Reveur,2299,20,2082,
91,,Bradford1980,2024,20,2053,
92,,Wh1tes1de,1968,20,2026,
93,,Leonid2017,2212,20,2020,
94,,babaab,1920,20,1987,
95,,Emadato,1880,20,1959,
96,,Misha_pro,2001,20,1914,
97,,loganlobezno5,1952,20,1720,
98,,Bassam74,1981,19,1953,
99,,krlesah,1813,19,1820,
100,,RubenIguazu1982,2046,18,2341,
101,,drmax1956,2186,18,2268,
102,,sheykhneyshabur,1980,18,2182,
103,,zlatko821975,1832,18,2179,
104,,Wael1988,1862,18,2067,
105,,keralachessYT,1942,18,1976,
106,,knightfought,1715,18,1958,
107,,JRSalvadorIII,1942,18,1908,
108,,Pantaneiro100,1850,18,1834,
109,,madybady,1826,18,1825,
110,,m4sry,1757,18,1780,
111,,NikitaE4,1983,18,1775,
112,,Zigmund_94,2152,17,2155,
113,,johnpohn,1941,17,2116,
114,,zvrk12,1911,17,2084,
115,,detto,1978,17,2068,
116,,Eduardo8101,1753,17,2049,
117,,Samybenk,2281,17,1997,
118,,SSSOMRA,1894,17,1950,
119,,Stray_Demon,1986,17,1947,
120,,farhatmansurov,2225,17,1915,
121,,vita_chess,2079,17,1903,
122,,I_Vankatabe,1912,17,1671,
123,,slobo1978,2093,17,1625,
124,,Mlindi-Dlamini,2178,16,2444,
125,,Evolute,2213,16,2380,
126,,Minusbauer_HH,2373,16,2369,
127,,gerardoajedres,1874,16,2273,
128,,Danijel79,2194,16,2252,
129,,matanant,2120,16,2239,
130,,dimisolo,1824,16,2217,
131,,dampooo,2509,16,2190,
132,,adrigrig,1856,16,2180,
133,,forbeserwin50,2012,16,2141,
134,,gilanggumilang,1840,16,2138,
135,,littlethunder10,2241,16,2131,
136,,tim_xd,2109,16,2116,
137,,Mirko1956,2127,16,2032,
138,,bengking,2010,16,2026,
139,,HagenHenke80,1995,16,2023,
140,,turan63,2113,16,1992,
141,,victory0099,1809,16,1961,
142,,NikWit,1960,16,1936,
143,,Grambito,1801,16,1934,
144,,br2504,1636,16,1921,
145,,aYREBRABKOn,1679,16,1912,
146,,RussianCitizen,1928,16,1900,
147,,OauJ,1984,16,1854,
148,,peanasan,1810,16,1844,
149,,cris4mate,1810,16,1818,
150,,ramon77,1511,16,1757,
151,,Filzpantoffel,1533,16,1707,
152,,DrunkAccount93,1488,16,1672,
153,,paddlextime,1699,16,1623,
154,,MADLADYMAYBE,2036,15,2248,
155,,Raul_qasimov2015,1140,15,2227,
156,,Jampop100,2278,15,2205,
157,,sokrat12345,2029,15,2072,
158,,machchhar,2027,15,2050,
159,,JR_chess123,2115,15,2041,
160,,debutov45-18knig,2028,15,2005,
161,,tiger-chess-2008,2140,15,1974,
162,,alchemist48,2174,15,1967,
163,,Volodya51,2034,15,1961,
164,,TogiroIkonoka,2049,15,1920,
165,,thiagoxdjjj,1704,15,1871,
166,,Thierrytos,1815,15,1800,
167,,boufos,1631,15,1763,
168,,mhaykov,2095,14,2324,
169,,kingliren10,2286,14,2305,
170,,strangler08,2131,14,2174,
171,,Locomotive59,2421,14,2150,
172,,Kholpilova,2313,14,2062,
173,,ScaryRookLifts,1976,14,2028,
174,,Amrullahm,2117,14,2000,
175,,lchipl,1999,14,1959,
176,,omar199900,1745,14,1954,
177,,Mayank--7,2091,14,1939,
178,,wTROFIMw,1663,14,1928,
179,,wilemar_araujo,1656,14,1889,
180,,puhelinhassuratsu,1878,14,1868,
181,,Akipa46,1638,14,1842,
182,,Vovi1989,2010,14,1831,
183,,tadziolul,1721,14,1807,
184,,Tinei,1713,14,1709,
185,,Efrenh,1415,14,1539,
186,,andrey63luka,2394,13,2297,
187,,Bulgar1979gn,1981,13,2220,
188,,gimiha,2190,13,2111,
189,,Infi1830,1894,13,2056,
190,,NumberNine,2049,13,2038,
191,,rybakov-anatolyi77,1909,13,1986,
192,,Alexandr_212,1988,13,1843,
193,,TJMaxx22,2106,13,1843,
194,,Sveta1998,1771,13,1823,
195,,Dmitriy561,1759,13,1801,
196,,Nqntnqnd,1904,13,1791,
197,,saik6665,1757,13,1739,
198,,BuDdYcOol,1340,13,1694,
199,,Sunchess73,1571,13,1675,
200,,EULER-ADS,1502,13,1446,
201,,drAinUbrAin,2254,12,2546,
202,,C4lChristosB,2081,12,2504,
203,,LACPLESIS27,2259,12,2482,
204,,StephenAlzis,2119,12,2441,
205,,Tubbygold42,2370,12,2387,
206,,nicholaipushkin,2100,12,2378,
207,,HvHd,1949,12,2298,
208,,Valley2021,1955,12,2285,
209,,Aruama,2142,12,2215,
210,,Chess_for_some,2388,12,2208,
211,,CaissaKnights,2310,12,2150,
212,,mohamat54,1861,12,2120,
213,,Cemo2013,1802,12,2118,
214,,fedorenko_91,2115,12,2111,
215,,zefar,1898,12,2070,
216,,Karpov1984,2372,12,2059,
217,,GermaniaMagna,1725,12,2015,
218,,patate45,1966,12,2012,
219,,kratos82,1751,12,1996,
220,,sergyocamelo,1955,12,1986,
221,,nahuelkk,1602,12,1981,
222,,JJOOBBSSYY,1758,12,1980,
223,,Jezyk1952,1987,12,1957,
224,,clorx,2083,12,1907,
225,,hnatlubo,1635,12,1903,
226,,Tipsntaps,1958,12,1882,
227,,Adialvis,1567,12,1877,
228,,shisundi2004,1944,12,1841,
229,,Sondos83,1961,12,1814,
230,,GEORGY_1973,1884,12,1812,
231,,Faithbian,1915,12,1797,
232,,sraven,1631,12,1749,
233,,MOTLOKWAMC,1911,12,1741,
234,,FRihhiWHeri,1651,12,1735,
235,,PaulMorphy2,1753,12,1735,
236,,OscarOmar,1724,12,1707,
237,,Gnom81-81,1863,12,1700,
238,,PavelHartzea,1763,12,1673,
239,,alialpersen,1661,12,1633,
240,,sipsmol,1680,12,1628,
241,,shinta01336,1381,12,1576,
242,,hadihariskv,1638,12,1532,
243,,Shurik0278ua,1639,12,1524,
244,,cpsALTIS,1523,12,1487,
245,,gregorovix,1936,11,2187,
246,,Astrilla,2331,11,2175,
247,,sumqayitUsagi,2080,11,2156,
248,,Lessing_up_my_love,2274,11,2155,
249,,SMPL,2033,11,2063,
250,,black-knight-86,2101,11,2052,
251,,Ruzhuk1,2028,11,2032,
252,,Thuri,2388,11,2005,
253,,pupper1994,2027,11,1984,
254,,Betli,2099,11,1963,
255,,realkaanfeyk,1861,11,1947,
256,,Meikozzz,1970,11,1938,
257,,ilyasaytar,1826,11,1908,
258,,jjrocon,1758,11,1896,
259,,tunahanonyedisantim,1966,11,1882,
260,,miladframarziii,1786,11,1812,
261,,brazperrone,1933,11,1803,
262,,IgorFerrreira,1769,11,1802,
263,,Samemale,1764,11,1662,
264,,Solokhin_D,1208,11,1628,
265,,Eusekevin,2063,10,2348,
266,,snufkin44,1849,10,2045,
267,,Mcoseni,1652,10,2018,
268,,The__Mentalist,1962,10,2007,
269,,JarrettJoyce,2112,10,2005,
270,,DigitalMindSet,2085,10,1949,
271,,anarchistoctopus,1908,10,1937,
272,,Trampline29,2034,10,1933,
273,,prokriti,1749,10,1912,
274,,PonySunset,1880,10,1909,
275,,Toderici,1762,10,1898,
276,,cicero62,1848,10,1889,
277,,ChessbaseIndiaSTUDEN,2087,10,1885,
278,,M23451,1670,10,1826,
279,,AlenaMur,1616,10,1821,
280,,Betcomcpiey,2074,10,1789,
281,,sokwatta,1556,10,1787,
282,,m_adel2000,1611,10,1754,
283,,PepsiColaAddict,1601,10,1740,
284,,Chamseddine77,2020,10,1697,
285,,Nialz001,1552,10,1663,
286,,Chessdropper,1670,10,1636,
287,,EliabeAraujo,1335,10,1581,
288,,alfatup,1504,10,1575,
289,,chesswuss,1551,10,1519,
290,,SashaLebedev,1443,10,1460,
291,,Viktor14121995,1253,10,1387,
292,,Tiago2119,2112,9,2211,
293,,terafliu,2104,9,2063,
294,,Rezan87,2208,9,1958,
295,,igor8686861,1676,9,1944,
296,,drillinger,1833,9,1936,
297,,MatiasAjsNemocon,1943,9,1918,
298,,ivan_2009Cher,2084,9,1889,
299,,T-Crussher,2067,9,1886,
300,,arniches,1973,9,1882,
301,,CypherBlack,1821,9,1853,
302,,YT100,1634,9,1850,
303,,mira2004,1834,9,1838,
304,,Ragai,1632,9,1809,
305,,PeterStephen567,1954,9,1808,
306,,Peterk2008,1841,9,1805,
307,,Yebin,1828,9,1796,
308,,poryaaa,1764,9,1783,
309,,Rabiev13,2046,9,1702,
310,,mostafawm,1859,9,1669,
311,,Klapperschlange,1751,9,1664,
312,,blacksovereign,1927,9,1662,
313,,Djoeragankopi,1790,9,1635,
314,,soltysiakwojciech,1542,9,1598,
315,,Yasertahery,1649,9,1580,
316,,parilovc,1322,9,1419,
317,,DimaZubov,2194,8,2514,
318,,lerochetton,2100,8,2490,
319,CM,ShahMatKanal,2415,8,2420,
320,,SedatChess,1980,8,2413,
321,,Dclrk,1970,8,2384,
322,,KillaUnknown,2126,8,2303,
323,,marie25,1902,8,2300,
324,,Nezih76,2059,8,2258,
325,,iustinV,2008,8,2247,
326,,JBLang1998,2041,8,2244,
327,,Yersinia_Pestis,1837,8,2235,
328,,chessbedbug,1944,8,2214,
329,,akaaka72,1917,8,2175,
330,,LordHaze,1850,8,2156,
331,,giogig69,1945,8,2152,
332,,PEPEAJEDREZ,1844,8,2139,
333,,Matiel,2101,8,2116,
334,,Yomano,1846,8,2066,
335,,fredooos,1929,8,2055,
336,,cube16,1282,8,2037,
337,,sahparov,2058,8,2027,
338,,dejo,1696,8,2024,
339,,gspas,1697,8,2019,
340,,rudechess81,1722,8,2012,
341,,OmS_05,1828,8,1996,
342,,Mikel_1964,1930,8,1983,
343,,tawade-anil,2075,8,1967,
344,,Gunelfide1,1874,8,1964,
345,,mazouz1974,1726,8,1958,
346,,imortalis,2330,8,1958,
347,,Ghardag,1714,8,1953,
348,,xavi2121,1680,8,1947,
349,,Fieber69,1968,8,1941,
350,,ZigZagknightMate,1639,8,1938,
351,,Jhonson89,1852,8,1920,
352,,ilyoziq,1969,8,1920,
353,,dirtyrottenpig,1931,8,1913,
354,,NOMRUZ,1881,8,1909,
355,,iPasaremos,1923,8,1909,
356,,Flosterhase,1797,8,1908,
357,,mskoltsov,1504,8,1907,
358,,eltucutuco,2092,8,1890,
359,,chessman1986,1603,8,1884,
360,,GabrielColonna,1767,8,1884,
361,,Liberte2020,1790,8,1880,
362,,renzo14,1650,8,1878,
363,,Alberto80,1898,8,1856,
364,,digitals,1704,8,1856,
365,,vaso55,1846,8,1855,
366,,Fruitkorf,1612,8,1854,
367,,l_vr,1568,8,1851,
368,,andrey007a,1808,8,1832,
369,,Siddique1,1866,8,1830,
370,,Prut_88,1914,8,1826,
371,,Evgenii1953,1799,8,1822,
372,,mlkchess,2229,8,1819,
373,,ErikSilva98,1860,8,1797,
374,,san12bendre,1792,8,1778,
375,,hjtt,2065,8,1773,
376,,Ustakerem08,1699,8,1764,
377,,Jayasimha,1867,8,1762,
378,,gniffel,1637,8,1758,
379,,gidsver,1621,8,1732,
380,,commysar,1917,8,1720,
381,,Sasha_Mitrofanov11,1862,8,1681,
382,,jointsandchess,1730,8,1673,
383,,TomVas3,1966,8,1669,
384,,cantaloop,1455,8,1647,
385,,masoud765,1592,8,1644,
386,,mhmdgaza,1241,8,1642,
387,,giovanni-maddaloni,1654,8,1639,
388,,Tinaches,1598,8,1629,
389,,Azjmbek,1655,8,1624,
390,,Phillkim,1665,8,1615,
391,,Boomboy,1664,8,1584,
392,,Chiclon,1433,8,1575,
393,,ShekoBoB,1217,8,1564,
394,,tatha_gautama,1554,8,1549,
395,,Pcx03,1812,8,1543,
396,,TheHipster,1401,8,1469,
397,,Erkhembilguun327,1341,8,1453,
398,,Promote2Night,1516,8,1451,
399,,Snezhin_5560,2105,7,2178,
400,,JulioGSoria,1817,7,2106,
401,,ddd2_0,2095,7,2071,
402,,playerchess2019,2050,7,2051,
403,,mamb,2162,7,1985,
404,,nizar77,1746,7,1919,
405,,rafskro,1822,7,1865,
406,,dthakanguney,1918,7,1858,
407,,Alhimik7,1951,7,1822,
408,,Crew1318,1883,7,1816,
409,,EETB,1740,7,1622,
410,,mudhaaa,1629,7,1619,
411,,yg_1,1981,7,1612,
412,,loqqe-schorsch,1586,7,1600,
413,,mourinos,1564,7,1575,
414,,ccountwasteda,1846,7,1531,
415,,fjefkejfkejkfjedsdsd,1487,7,1473,
416,,Is-Rebel,1560,7,1472,
417,,Lapindros,1256,7,1410,
418,,MrScribbler,2126,6,2241,
419,,glorious-caissa,2114,6,2182,
420,,Vibi,2151,6,2175,
421,,MMAbdul,1996,6,2152,
422,,FK41,2028,6,2151,
423,,PFK-1,2127,6,2150,
424,,Forhavu,2052,6,2133,
425,,schruv,2171,6,2115,
426,,mohmohcom2,2321,6,2109,
427,,icegood,2088,6,2069,
428,,Lord-mpm,1792,6,2067,
429,,Sensei1453,2275,6,2059,
430,,joseluisgomez11,2156,6,2055,
431,,kurkuk1967,1975,6,2039,
432,,The1chesscat,2044,6,2023,
433,,mihai_catalin,2000,6,2014,
434,,UATABG,1807,6,1989,
435,,Bobo_Q,1777,6,1964,
436,,andrew117,1805,6,1960,
437,,Chordmain,1690,6,1948,
438,,bassem1714567,1842,6,1929,
439,,MJSavage,1861,6,1927,
440,,danny_1,1887,6,1925,
441,,zudaaa,1781,6,1921,
442,,Akeryu,1837,6,1920,
443,,jeffre,1740,6,1901,
444,,angelolynn123,1848,6,1891,
445,,theoesteban64,1772,6,1887,
446,,KASJ29,1585,6,1845,
447,,endymion79,1626,6,1842,
448,,fisher82,1610,6,1838,
449,,Mysteriousone,2223,6,1832,
450,,Poseidon124,2042,6,1824,
451,,klima2626,1951,6,1818,
452,,Kuznecov-1962_2022,2079,6,1814,
453,,sneeuwstorm,2061,6,1809,
454,,sindra57,2119,6,1803,
455,,EvokingGames7,1952,6,1789,
456,,Blackeaglegny,1762,6,1784,
457,,fernavg,1472,6,1770,
458,,jorge61gelp,1777,6,1743,
459,,aehsani,1899,6,1742,
460,,Allruss,1742,6,1731,
461,,MAHOZ,1797,6,1720,
462,,Kazakova,1673,6,1703,
463,,Thebest123123,1596,6,1700,
464,,AnMits_1,1502,6,1699,
465,,ujcn,1878,6,1697,
466,,Edvard7171,1668,6,1679,
467,,YibaanEgorov,1904,6,1676,
468,,Jaime_CJ,1538,6,1674,
469,,ELDAR_17,1417,6,1672,
470,,AndreiYukha,1689,6,1665,
471,,Adhammousa10,2170,6,1665,
472,,Robertkaiser19622,1488,6,1661,
473,,achraf1230,1644,6,1655,
474,,remember_me_64,1637,6,1651,
475,,barbagiancu,1711,6,1646,
476,,PiterNsk2022,1822,6,1643,
477,,dwb26,1881,6,1618,
478,,Fredo44,1641,6,1615,
479,,DanyBadi,1563,6,1610,
480,,lgb11,1749,6,1606,
481,,felbel-13,1708,6,1605,
482,,Birdonwall,1465,6,1600,
483,,Dawood10,1814,6,1593,
484,,avas_goridze,2205,6,1581,
485,,elverenduran,1837,6,1573,
486,,inavteprov,1727,6,1568,
487,,Hadi79,1698,6,1553,
488,,Chafrio,1816,6,1546,
489,,Fortniteissoepic,1313,6,1528,
490,,sbaccar,1325,6,1528,
491,,Ripller,1406,6,1525,
492,,dobriy_vecher,1544,6,1514,
493,,kurcho1,1830,6,1495,
494,,razaali,1490,6,1470,
495,,lgonzaguille,1574,6,1439,
496,,DirkLohse,1754,6,1417,
497,,miguel2020hh,1709,6,1390,
498,,PhogoleMark04,1600,6,1368,
499,,soccerfreak1213,1712,5,2194,
500,,Ricardo232321,1945,5,2164,
501,,SuperGrandMasterG,1972,5,2043,
502,,uraniumman77,2120,5,1954,
503,,McGeeRib,1910,5,1946,
504,,Angrynoob01,1882,5,1934,
505,,galal123,1928,5,1909,
506,,wierzba95,2007,5,1906,
507,,maximocosetti77,1794,5,1866,
508,,Venom49,1731,5,1847,
509,,TheSkull8,1588,5,1808,
510,,king_shadows_2022,1740,5,1766,
511,,RodrIBS,1760,5,1747,
512,,theospieler,1805,5,1734,
513,,zazen000,1588,5,1734,
514,,tondadaniel,1866,5,1728,
515,,jhonde,1784,5,1724,
516,,Andres_alarcon1,1464,5,1722,
517,,VanaFS,1887,5,1708,
518,,ovidius66,1987,5,1682,
519,,KillerShock,1517,5,1682,
520,,RhysHardwick,1552,5,1681,
521,,daniel_prd2021,1316,5,1681,
522,,Samaa704,1448,5,1673,
523,,Royeczek,1704,5,1663,
524,,pedrojcoru,1601,5,1652,
525,,K2712,1875,5,1649,
526,,kamal39,1523,5,1644,
527,,KRIVBASS,1795,5,1629,
528,,Schokotiger,1874,5,1622,
529,,Mr_Harmon777,1495,5,1616,
530,,big69al,2044,5,1592,
531,,Chams7,1767,5,1578,
532,,Bulgarer98,1758,5,1548,
533,,eyalmora,1382,5,1542,
534,,Aleister_CR0WLEY,1700,5,1452,
535,,angelfive,1444,5,1449,
536,,rudenvas,1908,5,1413,
537,,MED70000,1502,5,1410,
538,,kut_dik,1092,5,1357,
539,,Vihaandachamp,1332,5,1234,
540,,papa2022,2139,4,2775,
541,,etsitbaB,2322,4,2652,
542,,madhavdevasthali,1976,4,2598,
543,,ko4egar6,2049,4,2544,
544,,PROGRESSUS-CHESS,2426,4,2467,
545,,pepinpineda,1814,4,2434,
546,,Le_manget,2255,4,2408,
547,,DeeWelle,1998,4,2399,
548,,vjbra,1911,4,2359,
549,,Overloadpawn,1907,4,2355,
550,,roasterrooster,1791,4,2340,
551,,AKI77Siam,2299,4,2314,
552,,spicytiger,2295,4,2309,
553,,Pallas-50,1903,4,2307,
554,,JulieCooper,1571,4,2298,
555,,adoadoado,1907,4,2297,
556,,eddiemads,1427,4,2283,
557,,Zakon009,1696,4,2283,
558,,Richy444,1801,4,2227,
559,,Dhanjay1,1672,4,2204,
560,,DmSaZel2020,1973,4,2192,
561,,Beppi,1894,4,2190,
562,,mind_93,2021,4,2174,
563,,v_eno_m,2443,4,2159,
564,,Eojpamz,1763,4,2151,
565,,YongCastle,2122,4,2149,
566,,bilalchentouf,1835,4,2141,
567,,mohammadkemeky54245,1722,4,2126,
568,,Stevo180,2092,4,2120,
569,,Anton69,1878,4,2111,
570,,tesla2009_offical,1994,4,2100,
571,,zionlambemkk,1855,4,2096,
572,,hossam_abdou,1804,4,2063,
573,,ahmed734,1917,4,2053,
574,,ArtemBoykothe2008,1826,4,2035,
575,,bknight,1864,4,2016,
576,,IorioC,1666,4,2001,
577,,easilyconfused,2212,4,2000,
578,,karimho,1345,4,1993,
579,,Alusa19,1926,4,1989,
580,,Bien17751,1909,4,1988,
581,,mohammeddaas,1715,4,1988,
582,,ko4edikov13,1986,4,1986,
583,,Lilit322,1992,4,1986,
584,,mehmettunyer,1715,4,1985,
585,,alerizzo,2054,4,1980,
586,,leoneltahl,1931,4,1977,
587,,chemuphy,1753,4,1954,
588,,moritzgrillo,1664,4,1943,
589,,arsenalfanrichi,2213,4,1939,
590,,guitarman360,1772,4,1931,
591,,TheDistantBlue,1703,4,1931,
592,,morethane4,1704,4,1928,
593,,proden1981,1773,4,1917,
594,,fiseklakas,1921,4,1911,
595,,aarav_patel,1665,4,1910,
596,,ssohrab0036,1753,4,1905,
597,,ks1982,1762,4,1902,
598,,SKT07,1658,4,1900,
599,,Grafvonmatt,1860,4,1898,
600,,Dkgwby,1987,4,1898,
601,,Enos65,1880,4,1890,
602,,Omeraksoy25,1828,4,1877,
603,,bilal2940,1525,4,1875,
604,,temifi,1839,4,1870,
605,,Defold,1820,4,1867,
606,,isitgreedy,1708,4,1867,
607,,amir85777,1764,4,1846,
608,,Xadrez_divertido,1931,4,1845,
609,,tinku_dutta,1821,4,1844,
610,,Castelmagnos,1729,4,1842,
611,,Ali_Raza,1646,4,1841,
612,,tinimi,1866,4,1839,
613,,Giorgioeso,1651,4,1832,
614,,I4C4U,1493,4,1829,
615,,LonePenut,1765,4,1822,
616,,zzz34,2102,4,1815,
617,,pacoben5,1809,4,1815,
618,,AbdullahAlim,1809,4,1809,
619,,turas30,1929,4,1794,
620,,zooohooor,1638,4,1793,
621,,Esplandian999,1883,4,1792,
622,,Ako11,1558,4,1790,
623,,MeskaLynux,1766,4,1778,
624,,Schaine1,1507,4,1771,
625,,Saeedie771,1678,4,1768,
626,,medo_10803,1968,4,1763,
627,,elvy2,1674,4,1758,
628,,varun2204,1663,4,1751,
629,,faberfab,1598,4,1746,
630,,Valeria_Kolos,1760,4,1739,
631,,hasanahmad5178,2079,4,1731,
632,,Nb1-z2,2136,4,1729,
633,,Guineano,1728,4,1727,
634,,tekin1000,1121,4,1716,
635,,vlad_trenych2008,1689,4,1708,
636,,RabShivy,1863,4,1704,
637,,Project2701,1547,4,1702,
638,,Newmar92,1555,4,1698,
639,,LiC_ZURITA,1252,4,1696,
640,,Lirik98,1627,4,1694,
641,,MaximusSam,1517,4,1690,
642,,Yarek2008,1679,4,1679,
643,,Sparsebeard,1604,4,1661,
644,,zacharius_zipfelmann,1629,4,1653,
645,,veeraat,1643,4,1644,
646,,SayalK,1651,4,1643,
647,,jamatsoc,1817,4,1637,
648,,billye,1352,4,1636,
649,,markorodh,1463,4,1631,
650,,Megatrondx,1706,4,1620,
651,,TheBaba22,1605,4,1614,
652,,robertina04,1648,4,1609,
653,,alshaman,1826,4,1607,
654,,Ramces,1671,4,1604,
655,,Aleksei787,1592,4,1602,
656,,Jose_Benjamin,1708,4,1600,
657,,PG_007,1554,4,1596,
658,,gio1952,1436,4,1591,
659,,jayantabhakta1974,1653,4,1586,
660,,SagmaO,1827,4,1584,
661,,Radhika_agarwal84,1408,4,1574,
662,,bahusus,1844,4,1574,
663,,josefjoseguiseppejoe,1842,4,1567,
664,,mihalos,1510,4,1552,
665,,ianibot,1758,4,1540,
666,,the_way_i_am,1260,4,1537,
667,,Dalito,1345,4,1530,
668,,AngeloFalcon,1365,4,1527,
669,,dupuy,1482,4,1521,
670,,nimadaneshfar82,1592,4,1516,
671,,rifland,1551,4,1513,
672,,SemenDorogov18,1628,4,1509,
673,,vicco2008,1572,4,1502,
674,,Rencarnation,1390,4,1488,
675,,filotur,1701,4,1481,
676,,YoungSharp,1655,4,1478,
677,,pumukillo,1569,4,1471,
678,,RUS5,1810,4,1471,
679,,SUCOJM12012,1176,4,1468,
680,,harshjawla,1513,4,1455,
681,,Schachperle,1550,4,1448,
682,,ArYaNpMrChESs,1345,4,1446,
683,,Ahmet-12,1177,4,1441,
684,,Kar_Khalid,1471,4,1433,
685,,darkhorse78,1461,4,1410,
686,,Arup_Nandi,1414,4,1409,
687,,Euler1907,1440,4,1395,
688,,TIKavin28471,1400,4,1392,
689,,Xader1998,1472,4,1360,
690,,Smirnov94,1380,4,1341,
691,,olivierlalanne,1824,4,1326,
692,,ApparentlyChomp,1188,4,1324,
693,,laurent971,1296,4,1287,
694,,DragonStorm2273,1168,4,1280,
695,,prozinMS,1191,4,1274,
696,,SumitaBedi,949,4,1250,
697,,ROUMEN06,1124,4,1246,
698,,alexandr1975,2100,3,2576,
699,,YoHase314,2086,3,2467,
700,,babapower,2169,3,2391,
701,,akpap,2218,3,2375,
702,,akhil6311,1925,3,2334,
703,,krnov,1931,3,2224,
704,,slickmate,2029,3,2187,
705,,eminmus,1561,3,2183,
706,,Mark232011,2013,3,2143,
707,,Axp156,2213,3,2138,
708,,Facelessassassin12,2338,3,2135,
709,,agustinportalesmoren,1869,3,2076,
710,,boriktv04,2118,3,2067,
711,,erdugliano71,2062,3,2059,
712,,Chibulo,1927,3,2041,
713,,MishaLover27,1831,3,2010,
714,,glumbergger,2456,3,1996,
715,,TheImposter362008,1737,3,1961,
716,,Nossomuch,2010,3,1958,
717,,lea09,2113,3,1950,
718,,Wilddier,2130,3,1945,
719,,ajedrez_masivo,2022,3,1914,
720,,AlkolikGamer,1469,3,1908,
721,,GON1305,1676,3,1877,
722,,Alkun57,2102,3,1867,
723,,Reza1968,2051,3,1859,
724,,Rusamba25,2056,3,1857,
725,,caldillo,2183,3,1852,
726,,chesswchris,1835,3,1830,
727,,coolcoldice,1777,3,1825,
728,,stancho31,1941,3,1818,
729,,zamyata,1644,3,1808,
730,,lukinhaz313,2150,3,1781,
731,,dontcallmeemyphant,1778,3,1767,
732,,AminTahmasbi,1754,3,1764,
733,,DionisSenjo,2024,3,1761,
734,,WertoxieUwU,1763,3,1737,
735,,manituxy,1870,3,1733,
736,,fyfrjylf2003,1779,3,1729,
737,,Elan42,1507,3,1720,
738,,karthykraja,1465,3,1719,
739,,Appelle_moi_Fischer,1993,3,1711,
740,,Lokitox,1748,3,1704,
741,,AGNkherson23,1770,3,1682,
742,,Mykel-81,1514,3,1676,
743,,Albandm,1820,3,1672,
744,,benghida_atchi,2082,3,1668,
745,,jknow,1939,3,1628,
746,,uller100,1901,3,1621,
747,,ScottyPlays,1552,3,1598,
748,,eyelon,1322,3,1594,
749,,noahlz,1635,3,1584,
750,,JorW123,1641,3,1583,
751,,Guermanes,1450,3,1575,
752,,rimba1,1836,3,1571,
753,,kononovich,1777,3,1570,
754,,farzad51,1610,3,1566,
755,,yhamdy52,1788,3,1544,
756,,Butterfly_2009,1388,3,1541,
757,,ds00264,1543,3,1541,
758,,manuel88ELO2145,1073,3,1529,
759,,Ehab_elghareeb,1560,3,1526,
760,,ACM_EliasMonzon,1643,3,1521,
761,,dazcat,1747,3,1509,
762,,Pric_2014,1373,3,1421,
763,,VanDeVoordeElias,1356,3,1415,
764,,AmberBS,1538,3,1409,
765,,Savva_the_blogger,1774,3,1407,
766,,javiermaza,1369,3,1390,
767,,timado,1481,3,1364,
768,,stantore,1441,3,1362,
769,,der_ungeschlagene,1511,3,1354,
770,,miteos,1536,3,1314,
771,,unclJ,1689,3,1289,
772,,heisatur,1511,3,1220,
773,,Maestro1998,1680,3,1200,
774,,Stratusss,1309,3,1187,
775,,Skamatt,1160,3,1139,
776,,Blackbishops7,1343,3,1119,
777,,eren_yaegar,2196,2,2789,
778,,ClubParqueRivadavia,2256,2,2744,
779,,satrancogretmenim,2293,2,2695,
780,,ivarcode,2219,2,2688,
781,,WhiteRabbit86,1656,2,2682,
782,,SybilDorsett,2301,2,2622,
783,,SouthernChessPlayer,2489,2,2574,
784,,kuba_2,1974,2,2538,
785,,A62AA,2340,2,2530,
786,,Dhawal-007,2015,2,2523,
787,,Edrismahmooduazar,2119,2,2523,
788,,jloaquin,1897,2,2515,
789,,Joselo_Brunasty,1914,2,2514,
790,,Atomic-202,2042,2,2513,
791,,sankio,2036,2,2490,
792,,Slendrina,2245,2,2470,
793,,tonog62,1829,2,2467,
794,,Wervolf88,1964,2,2449,
795,,mbechecs,2152,2,2442,
796,,thachessgrandmaster,1524,2,2440,
797,,Rahul1967,1884,2,2439,
798,,juanjochess14,2010,2,2428,
799,,BOLOG_iulian,2053,2,2422,
800,,SashaUchiha,1994,2,2416,
801,,Egger1,2215,2,2411,
802,,Maxim86,1948,2,2399,
803,,Karo69,1930,2,2388,
804,,Ivan091107,2019,2,2379,
805,,chakuli,1510,2,2375,
806,,imurex,1798,2,2364,
807,,ambrishawasthi,1614,2,2364,
808,,MadnutellaXD,1886,2,2355,
809,,Badia022,965,2,2355,
810,,Yatesy69420,1848,2,2353,
811,,Vanil,1913,2,2353,
812,,Ispanezzz,1898,2,2351,
813,,Get_That_King,1873,2,2341,
814,,mlhamnajmy,2046,2,2341,
815,,paymentbycheckss,1800,2,2333,
816,,sebask87,1870,2,2331,
817,,DrewNH,1959,2,2331,
818,,nevermo,2258,2,2329,
819,,Boltas,1894,2,2318,
820,,camiruana,1803,2,2308,
821,,majoloc,1880,2,2300,
822,,coolsunglassesdude,1811,2,2299,
823,,PLaci66,1698,2,2297,
824,,ahmt65,1794,2,2286,
825,,arielguerra,1811,2,2276,
826,,SukaYbiwaet,1231,2,2273,
827,,pepito333,1807,2,2263,
828,,atariqcelik,1640,2,2261,
829,,badi001,1684,2,2261,
830,,SharkMoves,2160,2,2257,
831,,nuKs,1813,2,2256,
832,,ketan2579,1841,2,2248,
833,,Leed1102,1635,2,2235,
834,,DimaUkr,1716,2,2227,
835,,Borycki,1707,2,2214,
836,,Fish90,1415,2,2208,
837,,SLEFLEUR,1657,2,2203,
838,,Fer11111,1633,2,2194,
839,,Madras_tiger,1786,2,2188,
840,,Karl_Blubber,1614,2,2184,
841,,Rastinjazzabi1386,1713,2,2183,
842,,DerekSmalls,1759,2,2174,
843,,Ihab75,2264,2,2171,
844,,ray2za83,1647,2,2167,
845,,OldJohn99,1679,2,2163,
846,,omid34100,1561,2,2157,
847,,aks12_02,2178,2,2139,
848,,vopaev,1948,2,2137,
849,,saheh2019,1668,2,2108,
850,,GeneralPuiPui,1594,2,2107,
851,,Kriscarrascocoloane,1904,2,2097,
852,,cweber02,1837,2,2087,
853,,schuiterke,1475,2,2078,
854,,Mrsamuel137,1328,2,2048,
855,,camallobello,1702,2,2046,
856,,Andrei778,2389,2,2041,
857,,horticul,1412,2,2034,
858,,Ahmedroshdyzxc,1484,2,2019,
859,,hakimredeyef,1933,2,2014,
860,,Vasil0,2019,2,2003,
861,,Tel_a_vision,1940,2,2000,
862,,edrono,1982,2,1999,
863,,Hunter_1998,1896,2,1995,
864,,vrkram,2064,2,1988,
865,,seba25,1512,2,1979,
866,,THABE1996,1712,2,1975,
867,,MeliqHakobyan,2047,2,1969,
868,,Tromo,1459,2,1967,
869,,NKenanX7,1483,2,1966,
870,,marnow,1984,2,1951,
871,,usta26,1458,2,1940,
872,,Mister-Schach,1815,2,1937,
873,,fedetalmon,1427,2,1930,
874,,good_omens80,1502,2,1925,
875,,utkucaganacayy,2216,2,1915,
876,,gothamchessfan66,1789,2,1915,
877,,BadAdviceTaker,2029,2,1907,
878,,Alan_Abdel-Rakhim,1971,2,1901,
879,,iguler,1166,2,1900,
880,,Happybrain,1972,2,1898,
881,,rajanrambabu,1553,2,1881,
882,,akashi25,2144,2,1877,
883,,CSMART,1452,2,1877,
884,,Maria2200,1850,2,1868,
885,,paynando,1419,2,1867,
886,,snuffletruffle,1977,2,1867,
887,,WORSTPLAYEREVERRR,1906,2,1862,
888,,Jusva76,1405,2,1854,
889,,alex_dementiev09,1575,2,1851,
890,,Aebroadus,1841,2,1848,
891,,lemon53,1825,2,1840,
892,,vovau,1761,2,1839,
893,,PDestroyer,1447,2,1831,
894,,metin1965samsun,1908,2,1831,
895,,Hogwarts30,1848,2,1829,
896,,keshav_kakani0009,1386,2,1828,
897,,gabetto,1704,2,1828,
898,,TerekhinBoris,1880,2,1824,
899,,Majestic-Mo,1820,2,1822,
900,,michaelkozak,2073,2,1820,
901,,konkistador8,2013,2,1820,
902,,kerespaul,1801,2,1810,
903,,GroSSet11111,1540,2,1799,
904,,Khaled_1992,1615,2,1797,
905,,saadddddddddddd,1939,2,1791,
906,,ata-razavi,1397,2,1788,
907,,Nikita13022010Nikita,1764,2,1783,
908,,razdolbaj,1847,2,1775,
909,,Th3mart1an,1627,2,1771,
910,,Jero1980,1937,2,1761,
911,,weduskece,1832,2,1758,
912,,Childlike_Soul,1434,2,1757,
913,,Gen-rix2,1660,2,1754,
914,,SametKorkusuz,2152,2,1752,
915,,Axel_J,1680,2,1751,
916,,Hussinazahar,1475,2,1743,
917,,hoja65,1689,2,1741,
918,,abdobwtsha,1893,2,1740,
919,,nopepito,1611,2,1739,
920,,Sourovrupa,2027,2,1731,
921,,chrisleeson,2000,2,1728,
922,,Ask_me,2090,2,1727,
923,,abbasvaziri,1929,2,1716,
924,,Fluffymarshmallow27,1535,2,1716,
925,,munyaartisan,997,2,1715,
926,,BoratNorad,1306,2,1711,
927,,K1BEGWA-JEFF,1858,2,1700,
928,,Sheyda20020,1356,2,1698,
929,,Gigamish,1710,2,1693,
930,,Daddabird,1828,2,1693,
931,,LEOVIXILGO,1473,2,1691,
932,,Dogonova_anna,1187,2,1690,
933,,Evgeny1920,1681,2,1689,
934,,Litio1,1322,2,1684,
935,,Hannut,1981,2,1682,
936,,francois83,1362,2,1677,
937,,Zach1234567891011121,1503,2,1665,
938,,slair_chess,1560,2,1664,
939,,ArSingla,1620,2,1656,
940,,Metido,1514,2,1656,
941,,KhaledAdnan,1433,2,1649,
942,,Juan-Nacho,1816,2,1648,
943,,oleyla64,1497,2,1646,
944,,vladosik228_228,1438,2,1643,
945,,Kow444,1739,2,1640,
946,,orolf971,1879,2,1632,
947,,aslan11,1500,2,1632,
948,,ChessWithAndrew,1672,2,1626,
949,,Oscar_Logan,1690,2,1624,
950,,kirollos_Abdo,1734,2,1623,
951,,CX795,1725,2,1613,
952,,AlexiosK,1917,2,1607,
953,,a8181,1642,2,1602,
954,,thebuckers,1669,2,1599,
955,,body_63,1548,2,1597,
956,,AsterixObeli,1824,2,1597,
957,,Pheronaldo9,1635,2,1596,
958,,Gustavojackowski,1886,2,1592,
959,,SairBey,1451,2,1582,
960,,yagopalhares,1691,2,1563,
961,,glitteryballet,1376,2,1562,
962,,Lucy2007,1616,2,1561,
963,,kuzeydoguyilmaz,1717,2,1560,
964,,juboos,1494,2,1559,
965,,Mohammed9allan,1831,2,1549,
966,,valars,1657,2,1542,
967,,BananaTemplar,1403,2,1538,
968,,ahm76,1520,2,1537,
969,,Baturro,1647,2,1529,
970,,DiptaRising,1432,2,1520,
971,,PhillyChessteak,1453,2,1519,
972,,harrisongaro,1567,2,1518,
973,,SA7URNN,1464,2,1514,
974,,MarcoCicconi,909,2,1514,
975,,PUNTE,1454,2,1510,
976,,Bishop_Smishop,1225,2,1506,
977,,LokisCharredFace,1462,2,1505,
978,,joaquinoguz,1417,2,1504,
979,,AEvangelista,1611,2,1503,
980,,TomPoison,1473,2,1502,
981,,KaanSungu,1436,2,1500,
982,,Mehmetkaratas7,1384,2,1499,
983,,igor2022,1426,2,1497,
984,,Ricar123,1711,2,1493,
985,,sitoizm,1726,2,1492,
986,,DevanGuy,1345,2,1491,
987,,Guillerabad,1636,2,1489,
988,,Cesy2424,1657,2,1485,
989,,AUS113,1502,2,1485,
990,,IamR00T,1437,2,1482,
991,,rathm2877,1478,2,1477,
992,,quatorze,1572,2,1471,
993,,alifarsian,1427,2,1469,
994,,AdenAgus1922,1564,2,1465,
995,,Toto-Medin-Salomon,1880,2,1462,
996,,Omaralaa122,1733,2,1459,
997,,natxus,1671,2,1459,
998,,Facon0622,1369,2,1441,
999,,Daniel_85,1311,2,1439,
1000,,Bopson_1,1506,2,1438,
1001,,Deger_y,1335,2,1437,
1002,,thimote,1491,2,1436,
1003,,mariakokopolis,1439,2,1433,
1004,,tomyshelbi,1458,2,1427,
1005,,Fistosfx,1525,2,1427,
1006,,chhapolia,1710,2,1406,
1007,,Spidermanto,1677,2,1395,
1008,,mobiin1400,1039,2,1395,
1009,,Immortal_guard,1148,2,1380,
1010,,dewontheleaves,1411,2,1376,
1011,,Dogan_Kati,1476,2,1374,
1012,,Mohammedmousa2022,1621,2,1373,
1013,,G75l3s,1178,2,1369,
1014,,youwin123ilose456,1567,2,1366,
1015,,OspoTrieste,1512,2,1366,
1016,,Aleksei197818,1491,2,1361,
1017,,TroyGriff,1633,2,1354,
1018,,nilsonbaez,1746,2,1350,
1019,,YJ03,1469,2,1347,
1020,,andolo,1782,2,1344,
1021,,eljokr94,1325,2,1334,
1022,,Jamesp07,1532,2,1326,
1023,,ozgurh,918,2,1325,
1024,,Thamsanqa1,1275,2,1325,
1025,,Mityanin_Volodya,1321,2,1310,
1026,,Eltor98,1411,2,1306,
1027,,Sahliyar,1376,2,1297,
1028,,DevilInHome,1592,2,1296,
1029,,chess-60,1092,2,1278,
1030,,Mectz,916,2,1273,
1031,,AMRO444,1389,2,1242,
1032,,ElReyAcnologia,1912,2,1238,
1033,,Melina_Queen,1359,2,1233,
1034,,micdp,1426,2,1220,
1035,,HossamDeboo,1687,2,1208,
1036,,Riuk21,1133,2,1208,
1037,,tarrar31,1410,2,1198,
1038,,FranzKaiser310569,1238,2,1195,
1039,,Saidharshan,927,2,1177,
1040,,KelGobekliGozluklu,1446,2,1174,
1041,,ertothenoob,1454,2,1134,
1042,,Lymlym,1226,2,1125,
1043,,FakhryHassan,1353,2,1098,
1044,,terje5,936,2,944,
1045,,garyemperor1234,1773,1,2125,
1046,,fercareto,1982,1,2104,
1047,,JeremyIsFishing,1966,1,1994,
1048,,basmans41,1840,1,1993,
1049,,Ferjasali,2032,1,1934,
1050,,Ryowe25,1871,1,1849,
1051,,Matman08,1869,1,1848,
1052,,Nyekyoo,1358,1,1824,
1053,,hs5555,1940,1,1823,
1054,,teszub,1905,1,1781,
1055,,IvashovAnatoli,1588,1,1748,
1056,,z1z2z,1667,1,1719,
1057,,Ralph_McNaughton,1635,1,1659,
1058,,bellahasene,1367,1,1613,
1059,,mahyar_j,1320,1,1599,
1060,,IQof5,1449,1,1583,
1061,,Garnes26k,1984,1,1569,
1062,,nissfayabraham0,1695,1,1526,
1063,,Comisariopty,1311,1,1440,
1064,,servetkdd,1307,1,1416,
1065,,Josesevillano,1421,1,1374,
1066,,captcha2002,1760,1,1339,
1067,,Veysthe,1680,1,1315,
1068,,Daniel2011-9,1857,1,1274,
1069,,HowIMetYourQueen_556,1639,1,1246,
1070,,Ufokosm2,945,1,1179,
1071,,Aliya2013aa,1382,1,1156,
1072,,A4B7A8D1,1016,1,807,
1073,,pingopampa,2321,0,,
1074,,ajbaba,2318,0,,
1075,,alperpencil,2299,0,,
1076,,goldenboy91,2251,0,,
1077,,SpopovischRR,2241,0,,
1078,,samarverma,2217,0,,
1079,,jdschess,2192,0,,
1080,,xavier2017,2118,0,,
1081,,pumpkinrocket,2080,0,,
1082,,ggggggg98,2007,0,,
1083,,Signoretomato,1989,0,,
1084,,Wonder2kind,2073,0,1988,
1085,,disjoint,1971,0,,
1086,,nerceiram,1965,0,,
1087,,brocklesner_wwe,1951,0,,
1088,,XBS1973,1945,0,,
1089,,Humzah123,1941,0,,
1090,,Blitzkraigjt097,1937,0,,
1091,,WindCutter,1937,0,,
1092,,MbalenhleCindi,1931,0,,
1093,,halchal95,1930,0,,
1094,,Nikipiki61,2262,0,1924,
1095,,CeperaKupoB,1922,0,,
1096,,Geroldus,1917,0,,
1097,,Tidenhub,1914,0,,
1098,,Kalachik_Nikita,1906,0,,
1099,,A62746296PAUL,1905,0,,
1100,,Chamonixx,1894,0,,
1101,,vladilevi,2269,0,1889,
1102,,Pisttachieee,1720,0,1888,
1103,,MariusSerban,1868,0,,
1104,,gomige2000,1865,0,,
1105,,Canvargas5,1853,0,,
1106,,Gmbobyfichers12,1840,0,,
1107,,CrushBEE196,1828,0,,
1108,,lyyn_972,2079,0,1828,
1109,,hbence02,1637,0,1800,
1110,,leonelnc,1796,0,,
1111,,xxxhyperxxx,1787,0,,
1112,,YahyaKhan345,2144,0,1779,
1113,,Schiggy451,1765,0,,
1114,,b4Queen,1757,0,,
1115,,JUNCOPOWER,1746,0,,
1116,,Zero_tolerance,2494,0,1740,
1117,,alanmilitao,1734,0,,
1118,,Lemoulema2021,1765,0,1731,
1119,FM,Joejan,2315,0,1729,
1120,,barancev7,1728,0,,
1121,,Watch1970,1724,0,,
1122,,c32rr1,1718,0,,
1123,,Mimilianoss,1718,0,,
1124,,aledui,1910,0,1712,
1125,,edwarddavid918r,2066,0,1698,
1126,,crackofdoom,1888,0,1691,
1127,,Aghas66,2110,0,1689,
1128,,AKanakov,2281,0,1687,
1129,,Robertmau,2194,0,1682,
1130,,fulldroid17,1677,0,,
1131,,S_Bingol_79,1573,0,1664,
1132,,sayah,1661,0,,
1133,,FilinAndrei,1756,0,1659,
1134,,Leopaul,1656,0,,
1135,,bullregard,1946,0,1651,
1136,,RodrigodeJesusSantos,1650,0,,
1137,,Dimmu_Borgir_I,2198,0,1637,
1138,,aytekin29,1628,0,,
1139,,Alisa81,1623,0,,
1140,,PURYA,2016,0,1618,
1141,,WHohler,2105,0,1614,
1142,,Andrey_Viktorovich,2096,0,1611,
1143,,Nate-F,1598,0,,
1144,,andre002,1959,0,1597,
1145,,Flooki13,1775,0,1592,
1146,,Zakhrulloev,2086,0,1588,
1147,,Aradok,1931,0,1581,
1148,,refik59,1579,0,,
1149,,Nahuel_02,1577,0,,
1150,,Paiin_hacker,2069,0,1576,
1151,,Graf_Monte_Kristo05,2065,0,1573,
1152,,VijayalakshmiP,1576,0,1573,
1153,,PivasnuiHleb,1959,0,1573,
1154,,Vladimir193,1569,0,,
1155,,soake1,1214,0,1569,
1156,,Gren_Bear,2075,0,1567,
1157,,yuvalb144,2036,0,1561,
1158,,JordanLee,2075,0,1558,
1159,,Orshcho,2039,0,1550,
1160,,scangi,1541,0,1547,
1161,,shameonyoo,1545,0,,
1162,,Davood3535,2035,0,1543,
1163,,gelumen,1927,0,1542,
1164,,daoud48557,1542,0,,
1165,,Matlje,1722,0,1541,
1166,,Kadimich,1820,0,1541,
1167,,psudmant,1578,0,1539,
1168,,minasaad33,1632,0,1538,
1169,,Thomayo,2023,0,1537,
1170,,asssavvs,1918,0,1536,
1171,,ajedrezcosi,2043,0,1533,
1172,,BOHDAN2009,1530,0,,
1173,,zyuzin-andrej,1919,0,1527,
1174,,pmahcrtur,1970,0,1522,
1175,,AltunNurettin,1517,0,1521,
1176,,Vardanyan365,1517,0,,
1177,,KwaniniKesho,2017,0,1509,
1178,,DrStriderson,1984,0,1508,
1179,,dhananjayramani,1513,0,1503,
1180,,Tesfa,1652,0,1502,
1181,,edybos,1355,0,1502,
1182,,jdaradanas,1795,0,1500,
1183,,hakbou,1973,0,1498,
1184,,Henriksan,1966,0,1498,
1185,,some100gods,1489,0,,
1186,,mikhaild,2028,0,1488,
1187,,bbunburyzzz,1744,0,1485,
1188,,novice2023,1910,0,1485,
1189,,I_am_slightly_better,1999,0,1481,
1190,,Moh9983,1472,0,,
1191,,rafecas,1914,0,1470,
1192,,kalat1400,1952,0,1468,
1193,,BingalE13,1468,0,,
1194,,mehran113,1691,0,1468,
1195,,Dr-Mabuza,1981,0,1467,
1196,,BARON68,2031,0,1467,
1197,,FuseBuster5000,1996,0,1465,
1198,,Doubleforward,1967,0,1461,
1199,,karl_iam02,1948,0,1458,
1200,,smvit,1516,0,1458,
1201,,EKREM64400,1946,0,1458,
1202,,aeres,2020,0,1456,
1203,,MihailAlex,1450,0,,
1204,,AlixM,2090,0,1446,
1205,,maksim2021,1888,0,1443,
1206,,ahajihoseini,1442,0,,
1207,,pvapva,1999,0,1437,
1208,,movingbeforethinking,1874,0,1432,
1209,,albertomf,1908,0,1431,
1210,,SexyParachute,1298,0,1430,
1211,,aboslahadm,1883,0,1429,
1212,,gorkagoniba,1584,0,1428,
1213,,Tani888,1418,0,1426,
1214,,lorence_lorence,1844,0,1423,
1215,,Jessie-Cuza,1176,0,1417,
1216,,sametadmish,2101,0,1406,
1217,,Aaqilkip,1427,0,1405,
1218,,s_lukas,1943,0,1401,
1219,,Burak_Ege_Kaya,1855,0,1397,
1220,,ST4R3,1886,0,1393,
1221,,ecoanov,1876,0,1392,
1222,,Faigtahirou,1829,0,1391,
1223,,juNi2020,2008,0,1390,
1224,,sasquatch32,1816,0,1387,
1225,,MummiyTroll,1292,0,1383,
1226,,CHAKA9JA,1648,0,1380,
1227,,Luyanda5,1049,0,1378,
1228,,dinlereren,1848,0,1377,
1229,,mahermaher999,2005,0,1377,
1230,,jpjphys,1932,0,1377,
1231,,RomanGania,1982,0,1375,
1232,,ali_okkes,1476,0,1373,
1233,,Blackist,1530,0,1373,
1234,,hirudoid,1551,0,1372,
1235,,Bezaleel,1779,0,1371,
1236,,tommy-2010,1558,0,1368,
1237,,thorstylein,1492,0,1367,
1238,,Darkness_02,1835,0,1358,
1239,,fox_eg,2029,0,1357,
1240,,Jan227516,1596,0,1356,
1241,,Oreamn0s,1680,0,1352,
1242,,laura5246,1738,0,1348,
1243,,ancora,1946,0,1346,
1244,,dirtygamer7,1886,0,1345,
1245,,A_5_A,1763,0,1345,
1246,,juan71,1343,0,,
1247,,ARAS_1B,1342,0,,
1248,,hamidkamyabi,1844,0,1342,
1249,,Mattblackmatt2,1896,0,1342,
1250,,partoni,1839,0,1340,
1251,,joelkaka,1645,0,1340,
1252,,KroNos773,1830,0,1335,
1253,,Chess_Kong_Kostia,1838,0,1335,
1254,,alex11star,1877,0,1335,
1255,,Eduardorosa75,1451,0,1334,
1256,,leonid0712,1584,0,1334,
1257,,Sendros_ug,1832,0,1333,
1258,,flash-matias,1593,0,1329,
1259,,iboyldrm,1429,0,1327,
1260,,Abrahamhernandez,1823,0,1326,
1261,,Ishbulatov_R,1821,0,1325,
1262,,BARKIN4,1794,0,1324,
1263,,Grkarican,1813,0,1324,
1264,,POXER,1737,0,1322,
1265,,k21umut21,1584,0,1321,
1266,,L3-37,1959,0,1321,
1267,,lepilule,1835,0,1319,
1268,,Partiea3,1318,0,,
1269,,Jp_the-killer,1392,0,1316,
1270,,hangingrook222,1314,0,,
1271,,slamasalem,1639,0,1308,
1272,,kurukcuz,1549,0,1308,
1273,,Hak01_ke,1349,0,1302,
1274,,sakihromis,1789,0,1300,
1275,,byggemand_bob3,1748,0,1299,
1276,,pezhman1400,1802,0,1297,
1277,,orbitofrontal,1296,0,,
1278,,Bosikk-prohlad,1809,0,1292,
1279,,Poernama1998,1644,0,1290,
1280,,Patroclos1903,1772,0,1290,
1281,,emrhnklc,1780,0,1288,
1282,,imgomez,1883,0,1288,
1283,,Bitto007,1809,0,1286,
1284,,RetaRetajMo7,1599,0,1286,
1285,,FreshSilence,1437,0,1285,
1286,,YevheniiAndrus,1684,0,1281,
1287,,DimaBurenko13,1518,0,1279,
1288,,austinsicard97,1278,0,,
1289,,mdaCP,1325,0,1276,
1290,,miteran,1654,0,1270,
1291,,ABHISHEK_88,1783,0,1266,
1292,,iliekcomputers,1764,0,1264,
1293,,sektofWales,1788,0,1261,
1294,,fcojavierorihuela,1865,0,1257,
1295,,UWMargolis,1708,0,1256,
1296,,burakardageldicc,1212,0,1255,
1297,,ShrishK,1255,0,,
1298,,Guiyermo,1751,0,1254,
1299,,nikrizpesrev,1667,0,1254,
1300,,esmailtawfik13,1455,0,1248,
1301,,Iemmem,1581,0,1246,
1302,,Dionissis,1698,0,1242,
1303,,ANDRE_CHR71,1745,0,1239,
1304,,pepimo,1430,0,1238,
1305,,Renicko,1349,0,1238,
1306,,sevseal,1235,0,,
1307,,eee-eee,1322,0,1229,
1308,,Urlich,1842,0,1227,
1309,,ZB_UKRAINA2000,1545,0,1224,
1310,,M16_TABURASKERI,1753,0,1224,
1311,,Diego2905,1734,0,1223,
1312,,putak_313,1700,0,1221,
1313,,Bsipso40,1859,0,1220,
1314,,soun,1671,0,1217,
1315,,Stefanos5,1847,0,1216,
1316,,MaksMBW221,1737,0,1215,
1317,,BigRussianTyumenBoss,1737,0,1215,
1318,,carol1963,1670,0,1215,
1319,,LEGENDPHEDISO,1721,0,1210,
1320,,umutsaqi,1489,0,1210,
1321,,Jacomoto,1964,0,1209,
1322,,Renzo18653,1218,0,1207,
1323,,BoscoVIX,1630,0,1207,
1324,,Hiltisesi,1273,0,1203,
1325,,bodenino,1518,0,1201,
1326,,isaac2000,1699,0,1201,
1327,,A_Alshareef,1678,0,1198,
1328,,Nurasyl6,1699,0,1193,
1329,,Sjap,1789,0,1191,
1330,,Shashidhar02,1485,0,1189,
1331,,Liza8liza,1687,0,1187,
1332,,MiranshOFS02,1770,0,1179,
1333,,krrish93_na,1669,0,1176,
1334,,hamza222sarraj,1384,0,1175,
1335,,st33,1583,0,1174,
1336,,hosseinbaniali80,1297,0,1174,
1337,,Nikita797475,1777,0,1174,
1338,,balder2,1658,0,1171,
1339,,SaPaRbAeV_AyBeK,1769,0,1170,
1340,,Herr_Steppenwolf,1335,0,1168,
1341,,Ormilito_Ordizo,2124,0,1167,
1342,,Chessking140911,1547,0,1166,
1343,,tasbin,1164,0,,
1344,,Kacpi2013,1243,0,1164,
1345,,HillaryWiz,1425,0,1163,
1346,,feliks450,1278,0,1160,
1347,,Shano17,1322,0,1159,
1348,,Vik_M,1679,0,1156,
1349,,Jotiar,1598,0,1156,
1350,,FabrizioCabrera,1155,0,,
1351,,Cavallo3,1446,0,1152,
1352,,ANISslimani48,1719,0,1152,
1353,,Georgiy7551,1323,0,1146,
1354,,DuplicateRemnant47,1459,0,1146,
1355,,can-soydan,1653,0,1146,
1356,,Boyka97,1220,0,1144,
1357,,knights710,1409,0,1142,
1358,,Gio_GeoPWR,1637,0,1142,
1359,,IamJappe,1613,0,1140,
1360,,aliakbarjafari,1665,0,1139,
1361,,Kuveshan,1417,0,1139,
1362,,ISOLD5,1228,0,1139,
1363,,alexr514,1697,0,1137,
1364,,ElDicaz,1643,0,1130,
1365,,Sebastianzerda,1763,0,1123,
1366,,JamesFerguson,1687,0,1119,
1367,,jazzylarry66,1471,0,1119,
1368,,MASTER_XXX,1116,0,,
1369,,doshan,1790,0,1116,
1370,,Amir_Anwar,1790,0,1114,
1371,,nael79,1764,0,1112,
1372,,Samuelmc19,1610,0,1109,
1373,,abro-pnda,1762,0,1108,
1374,,posavskibregi1,1539,0,1106,
1375,,mads201c,1106,0,,
1376,,MedusaChaosEmpire,1551,0,1104,
1377,,gregor2366,1666,0,1103,
1378,,kilercig,1098,0,,
1379,,Magnus_carlsenz,1613,0,1098,
1380,,sayyildiz,1606,0,1098,
1381,,ladvasilis14,1578,0,1092,
1382,,Samuelsiuu,1420,0,1092,
1383,,papyboyington,1546,0,1086,
1384,,francismalek,1610,0,1084,
1385,,kingsman687,1649,0,1083,
1386,,NaamanTsur,1694,0,1080,
1387,,salomonrt,1523,0,1074,
1388,,Murali1206,1535,0,1069,
1389,,gclvtplchess,1576,0,1068,
1390,,freetochoose,1447,0,1063,
1391,,LeahDuRose,1599,0,1061,
1392,,queen_king123,1621,0,1053,
1393,,NACHO1960,1676,0,1051,
1394,,kareemeldeeb,1555,0,1044,
1395,,Chebyrator1,1181,0,1042,
1396,,forestclaud,1311,0,1040,
1397,,Mamaan44,1037,0,,
1398,,Mustafatahir38,1530,0,1034,
1399,,TenientePeon,1032,0,,
1400,,Bonddd,1509,0,1030,
1401,,Masiha9099,1367,0,1028,
1402,,gffcapivara,1404,0,1018,
1403,,Jishboy,922,0,1011,
1404,,Shubini52,1456,0,1011,
1405,,Lagutin_Ruslan_77,1476,0,1008,
1406,,MVPSHAHAS,1120,0,1005,
1407,,Santiago_Sanchez13,986,0,1004,
1408,,net9lev,2059,0,1004,
1409,,TheBabyYoda,1504,0,1003,
1410,,stalin17,1058,0,995,
1411,,rbf32rfzhbz9,1193,0,994,
1412,,IshtarImpact2012,1586,0,994,
1413,,Ufakalipsis,1584,0,992,
1414,,Alex19_x,1826,0,990,
1415,,Aniket_22,1377,0,978,
1416,,PebbleBike,1331,0,976,
1417,,sanaka44,1247,0,974,
1418,,Adrian2303,1458,0,973,
1419,,Juuansee,1875,0,971,
1420,,jar111980,1487,0,967,
1421,,Yurinn,1268,0,967,
1422,,maxiargentino,1570,0,967,
1423,,brorael357,1401,0,961,
1424,,pietrobrescia,1403,0,952,
1425,,parvinhamanaram,1594,0,943,
1426,,Azot34,1402,0,938,
1427,,snesh,1405,0,932,
1428,,DanaMaged,1039,0,931,
1429,,mozes123,1484,0,923,
1430,,moyinjude,1178,0,921,
1431,,Titanic-Jess,1466,0,920,
1432,,HamletIX,1450,0,914,
1433,,EleneN,1247,0,907,
1434,,Neclo,907,0,,
1435,,Andreisolodov,1575,0,906,
1436,,pasquariello,1273,0,900,
1437,,sidmo,1447,0,899,
1438,,Poyraz3334545,1372,0,897,
1439,,amuka,1321,0,883,
1440,,MOghareeb21,1292,0,872,
1441,,Agt99,1370,0,871,
1442,,Vequerre2,788,0,847,
1443,,bdnes,1539,0,845,
1444,,alex_cos,1666,0,837,
1445,,cenzo_groenez2,1438,0,830,
1446,,cheekychesschamp,728,0,826,
1447,,Sahabalabaev,1286,0,817,
1448,,nestchess,1006,0,815,
1449,,grown_man30,1370,0,812,
1450,,Siiam13,1480,0,785,
1451,,Fer-12,1447,0,677,
1452,,MChess_23,1206,0,654,
1453,,USA2me,1054,0,652,
1454,,anamis201281,1441,0,649,
1455,,Ayahuascafan,1311,0,596,
1456,,chmaltzy,983,0,587,
1457,,Princess-Elza,1107,0,583,
1458,,chessmaster2600,968,0,535,
1459,,Mehmetbulut34,1091,0,485,
1460,,Abdoabdoabdo88,1036,0,400,
